{"input_size": 400, "hidden_size": 10, "output_size": 60, "kpi": {"mae": 42666.42307, "nrmse": 0.15866, "rmse": 60433.48579}}