{"input_size": 400, "hidden_size": 800, "output_size": 60, "kpi": {"mae": 44573.02066, "nrmse": 0.16114, "rmse": 61379.05655}}