{"input_size": 60, "hidden_size": 800, "output_size": 5, "kpi": {"mae": 13769.84425, "nrmse": 0.07884, "rmse": 30030.40876}}