{"input_size": 300, "hidden_size": 10, "output_size": 30, "kpi": {"mae": 42913.38882, "nrmse": 0.15819, "rmse": 60256.91154}}