{"input_size": 500, "hidden_size": 800, "output_size": 300, "kpi": {"mae": 46823.18004, "nrmse": 0.1718, "rmse": 65440.47761}}