{
    "input_size": 60,
    "hidden_size": 10,
    "output_size": 5,
    "kpi": {
        "mae": 36511.18827,
        "nrmse": 0.13259,
        "rmse": 50506.40522
    }
}