{"input_size": 12, "hidden_size": 10, "output_size": 1, "kpi": {"mae": 39342.01144, "nrmse": 0.14648, "rmse": 55795.44746}}