{"input_size": 12, "hidden_size": 800, "output_size": 1, "kpi": {"mae": 40492.6272, "nrmse": 0.14847, "rmse": 56553.85018}}