{"input_size": 12, "hidden_size": 800, "output_size": 1, "kpi": {"mae": 10834.40511, "nrmse": 0.07396, "rmse": 28171.44994}}